{"correction_factor": 0.9986502049142564, "mae": 3.5041481859136816, "mape_percent": 19.985293244004723, "accuracy_score": 80.01470675599528}