{"correction_factor": 0.9975870543851737, "mae": 3.9945505720014336, "mape_percent": 11.607143229179027, "accuracy_score": 88.39285677082097}