{"correction_factor": 0.9960943512820908, "mae": 6.935779646289098, "mape_percent": 15.016512366684026, "accuracy_score": 84.98348763331597}