{"correction_factor": 1.0032310389633126, "mae": 5.047467436786399, "mape_percent": 17.158167494532155, "accuracy_score": 82.84183250546783}