{"correction_factor": 0.9890187924068199, "mae": 18.058304718118716, "mape_percent": 10.718221433626006, "accuracy_score": 89.28177856637399}